ID,Treatment,2-Amino-2-methylbutanoate,5-Aminovaleric acid,Valine,isoamyl nitrite,Acetone oxime,2'-Deoxyadenosine,Pyrimidine,Norvaline,5-aminopentanoate,Betaine,"2,6-Xylidine",Cytosine,Phenylalanine,Histamine,5-Ethyl-2-methylpyridine,N-Methyldioctylamine,Potassium acetate,Phenethylamine,"2,6-Dimethylpyridine",4-Isopropylaniline,Phthalic acid,Guanine,Di-n-butyl phthalate,L-alanine,Thiazolidine-4-carboxylic acid,"N,N-Dimethylaniline",Phenylethylamine,"5,6-Dimethylbenzimidazole",1H-Benzotriazole,4-Methylbenzotriazole,Dipropyl sulfide,beta-Alaninamide,2-Aminopyridine,Phthalic anhydride,Niacinamide,"2,5-Xylidine",Tyrosine,Diethyl-phthalate,2-Nitropropane,Methylpyrazine,Dioctyl Phthalate,Kanzonol K,Nicotinate D-ribonucleoside,"5,6,7,8-Tetrahydro-2,4-dimethylquinoline",Guanosine,Methylimidazole acetaldehyde,allopurinol,Hypoxanthine,Nitroethane,L-Carnitine,Cetrimonium,Deoxycytosine,Pyrazinamide,Alanine,2-Methoxy-5-methylpyrazine,Inosine,Citrulline,2-Hydroxymethylserine,"5,6-dimethyl-1H-benzotriazole",Diphenylamine,Dimethicone,Zerumbone,2-Aminomethylpyrimidine,Protoanemonin,Nigrifactin,"(1R,4R)-Dihydrocarvone",Methyl acrylate,4-Pyridylamide oxime,Styrene,Adenosine,Palmitic amide,Dephospho-CoA,aniline,Lauryl diethanolamide,Pyrrolidine,2-Aminobenzimidazole,"N,N'-Dicyclohexylurea",Ergothioneine,Pyrimidin-4-yl-Methanol,Stachyose,Choline sulfate,2-(2-Methylpropyl)pyridine,"2,4,6-Triaminotoluene",Dimethylsulfoxide,Immepip,4-Pyrimidine Methanamine,3-Pentylpyridine,Allocholic acid,(R)-N-Methylsalsolinol,Anofinic acid,2-Furanmethanol,DDA,Cerulenin,Sphinganine,Acetylhydrazine,N-acetyl putrescine,Nicotinamide,Hydantoin,Digitalose,4-Deoxytetronic acid,2-Cyanopyridine,Fampridine,Phenformin,"5(S),6(R)-7-trihydroxymethyl Heptanoate",Furfural,"N-Butyl-1H-pyrazolo[3,4-d]pyrimidin-4-amine",2-Ethyl-5-methylpyridine,3-Methylglutaric acid,Anabaseine,Tetrahydropteridine,2-Aminobut-2-enoate,2-Pyridylamide oxime,S-Acetylphosphopantetheine,Histidine,4-Hydroxybenzoylcholine,2-Aminoheptanedioic acid,2-Octenoic acid,1H-Imidazole-4-methanol,Piperidine-2-carboxamide,Adifoline,Adenine,3-Methylamino-L-alanine,2-Pyrrolidinone,"2,2,4-Trimethyl-6-(1-oxo-3-phenylpropyl)-1,3,5-cyclohexanetrione",Phenicarbazide,Flavinadeninedinucleotide,Pantothenic acid,Ophthalmic acid,3-Methyladipic acid,Nicotinic acid,Tributylamine,Oleamide,Hydralazine,Diethyl succinate,Narasin B,1-Methylpiperazine,N-Nitrosopiperidine,N-Nitrosopyrrolidine,Anatabine,L-Cladinose,1-methylpyrrole,dodecanamide,Piperazine,"2,2-Dimethyloxirane","3,3-Dimethylglutaric acid",Gyromitrin,Isobutyric acid,NÀß-Acetylhistamine,2-Methylbutylamine,7-octenoic acid,Triphenylphosphine oxid,N-omega-Acetylhistamine,1-Hydroxy-2-butanone,2-(2-Aminoethyl)indole,Glutamate,4-(beta-Acetylaminoethyl)imidazole,Dimethoxane,Piceatannol 4'-galloylglucoside,Urethane,beta-Cymaropyranose,Gramine,Erucamide,2-Benzimidazolylguanidine,N-Norgramine,L-Pyroglutamic acid,Uracil,N-Methyl-2-pyrrolidinone,L-Cyclo(alanylglycyl),Phenylhydrazine,Methyl carbamate,Hexamethylphosphoramide,Isoguvacine,3-Methylhexanal,Chamuvaritin,N-Nitrosodiethylamine,Nicotinamide Adenine Dinucleotide Phosphate,4-Amino-5-hydroxymethyl-2-methylpyrimidine,3-Amino-2-piperidone,Imidazolone,Propionylcarnitine,"5,6-dihydrouracil",Dimethylimidazole,Diethyl malonate,Malonaldehyde,Nalpha-Methylhistidine,His,"N,N-Dimethyldodecylamine N-oxide",cis-hex-3-enoic acid,4-Methylimidazole,"4-Chloro-3,5-dimethoxybenzyl alcohol",Cytarabine,L-alanine benzyl ester,5-Aminoimidazole,N-Nitrosomethylvinylamine,beta-Nicotinamide adenine dinucleotide,N-Acetyl-D-quinovosamine,3-Methylpimelic acid,N1-Acetylspermidine,Leukotriene D4,N-Methylhistidine,beta-Alanine,Histidinol,2-Aminopyrazine,13Z-Docosenamide,"2,4-diamino-butyric acid",Glutathione,2-Imino-4-methylpiperidine,L-isoleucine,N-Formyl-4-amino-5-aminomethyl-2-methylpyrimidine,4-Amino-2-methyl-1-naphthol,Isoleucine,1-phenylbiguanide,(R)-S-Lactoylglutathione,Petunidin 3-(6''-p-coumarylglucoside),Trimethylpyrazine,4-(Dimethylamino)cinnamaldehyde,N-Methylethanolamine phosphate,Panthenol,O-Acetylethanolamine,"2,5-Dimethylpyrazine",resorcinol,Putrescine,3-Isopropenylpentanedioic acid,Propionic acid,Norleucine,Succinic anhydride,L-valine,Xanthosine,Sulfoacetic acid,Palmitic acid,Glucose-6-phosphate,Uric acid,Malic acid,4-formyl Indole,D-Glycerate 2-phosphate,Dodecylbenzenesulfonic acid,4-Nitrophenol,Xanthine,"2,4-dinitrophenol",Stearic acid,2-Naphthalene sulfonic acid,5-oxo-d-proline,Sorbitol-6-phosphate,Ala-Ala,Methyl Jasmonate,Pyrophosphate,(R)-2-hydroxystearic acid,beta-Hydroxymyristic acid,PG(16:0/0:0)[U],2-hydroxyhexadecanoic acid,D-Glu,Caprylic acid,Phosphatidylethanolamine lyso 16:0,D-fructose,gamma-Glutamylleucine,Valproic Acid,Phosphoric acid,Pyruvate,Azelaic acid,Imidazoleacetic acid,Riboflavin,"1H-Isoindole-1,3(2H)-dione",5-Aminosalicylicacid,Ribose 1-phosphate,Lumichrome,IS,Cellotetraose,rac-Glycerol 3-phosphoate,Fumarate,Confertifoline,"cis-9,10-Epoxystearic acid",L-Tyrosine,Glutathione (reduced),N-Acetylcysteine,Ala-Ile,Lys-Gly-OH,DL-Phenylalanine,"1,4-Cyclohexanedicarboxylic acid",N-alpha-Acetyl-L-ornithine,Itaconate,Deoxycholic acid,Succinate,Phosphoenolpyruvic acid,Glucuronic acid,4-Acetylbutyric acid,Dihydro-3-coumaric acid,L-Citrulline,"2,3-Dinor-TXB2",Ethylmalonic acid,Lactic acid,1(3)-glyceryl-PGD2,N-Acetylaspartic acid,S-Lactoylglutathione,4-Hydroxybenzaldehyde,4-Acetylbutyrate,Betamipron,Asp,"Fructose 1,6-biphosphate",4-Methyl-2-oxovaleric Acid,Suberohydroxamic Acid,3-Hydroxybenzaldehyde
23,Susceptible,115668738,41923826,93245411,14112840,8341482,6755993,308473350,89133949,78520162,41705489,154492464,124978205,231597550,120647256,113196339,4755383,21468037,105426217,15276743,243799095,4179009,9607904,37453207,9638833,257027140,35805087,147082597,11258365,17673367,2375785,1883320,905181,40468536,636820242,25913396,142609568,16289797,6382441,23935378,52746690,13247696,85732467,55178445,18802350,43898715,30951265,10340477,131323786,29680104,182737651,20205218,59997285,8400652,1290193,3413100,17514893,31993140,185492698,121773392,7842530,86853461,9705221,94982548,2536301,5839289,23535496,8399434,32467528,19741180,230834566,36278320,110881,10351852,1277447,1746767,25903074,1890277,71597712,30580375,17618664,29020783,19689188,27728238,39187,25328279,83111750,41096318,318738,6754499,199296800,9505077,36461143,18315917,27065434,2640449,150214717,111993148,37779496,114800712,2186027,3264131,9288745,7144593,13813622,1256808,37936850,1222518046,7832378,45742318,15516528,1464694,66279335,13503757,23360287,114616,28663378,709384,96012177,13622973,13870440,20015870,3966603,10163353,3204768,17146466,160949,38083622,9128435,48815876,43779895,257447692,75563721,38032946,10974280,457682,25476989,13247259,59935018,15254657,3379089,3403329,45349835,13407478,5873921,42959463,58176913,0,13678414,63108704,17228996,2811687,10398133,1816497,14500750,124559110,5468141,11274933,797889,4907253,175281610,11991213,330261884,2275834,221139,33991417,538022,5845864,6252921,81213463,10722532,2910524,238751,2837559,13937185,10626577,415942,102632782,17424982,24773888,1086331,13185533,49931112,2614137,151304,7443697,73098975,1542303929,3468738,1167671284,8174806,40488137,5345196,13550487,99282486,1008980,36535795,20956459,2191836933,2,2639408,10194969,14889035,32882174,4115237,8200945,315112,16201617,13229665,473692,6713302,7376164,20907666,8772461,1,11333320,52014902,12890924,16032713,12291921,11956292,10644983,3099128,14522495,6556014,15434390,5142039,12757669,6746292,8931404,2633545,27549300,633051,165769743,2222722,299466646,63271067,8259732,734996,1898814,2097071,1837029,20895901,186553292,16908045,712206,398752488,768141,1122091,4307321,845257,223753950,4163758,1932530,28349976,1071718,15996882,757322426,36802411,2979955,2376924,18893,1235684,4428204,39752096,2040654,302808038,9555406,24049964,30835506,4320104,1335678,4739575,35492948,258090,3247765,7029537,24337495,7859939,130702728,3134330,1256762,181181930,64925990,3324025,5863459,2825195,13736798,1442616,4552701,17909765,582521,11311509,43022420,10880171,4445738,989230,9955040,58777939,5714674,39317720,15784871
24,Susceptible,110267882,41026328,74216621,55076910,1069746,1819451,533138991,28465982,77181476,42660890,184157854,25929529,251983157,112074977,129971223,5187745,29641504,122982585,14837554,219710289,3806110,4383108,71851709,11981903,235158806,72885898,157574225,31336384,20384979,17995020,1325760,675119,39870861,632415434,15013462,142414397,26281754,5613373,12745314,41677223,11180823,67104701,37778190,17228048,34776143,19425567,6863046,131483956,34243151,73219982,27005537,25294151,3126248,15824930,31506722,18672631,30730026,192742594,10744278,7380969,123986264,7772352,87542157,5878175,5486193,45972602,6145951,3083501,22522639,212752514,31086013,62724,2462353,1138311,10375700,39733024,2265678,77180119,35688296,4070209,30209009,43378628,13977209,53203,34198445,50133824,40375952,493474,7315896,196465595,11165166,34016670,19015206,43051069,8580132,260786163,67090932,24611536,11636885,2171842,6756478,3085513,6674601,9020876,1965731,30133837,1308531497,9007786,43517862,8278920,2688053,37624133,4138372,10018298,138218,71170496,6609646,198216647,13512596,11558927,17626222,7672319,9065287,1609845,17589007,353461,151125267,79178773,57018974,45209341,216294390,72064633,7090465,19850563,905765,18868775,8037548,69875609,21817096,4478056,2556602,37738629,17972154,3169273,295697516,41045231,0,14894779,61234779,23792794,2982155,11783929,1545370,6649586,142092879,5258670,19492487,643231,4922647,39291823,8302599,316974071,6274327,8358683,38289543,2283245,2753467,38890848,7525256,59929953,37279584,151968,3935869,12500152,11806095,2030840,115315296,28455877,58480417,2820583,15109570,10726846,6145587,271554,8608818,22312005,1229352455,8054515,1002202546,7637261,28340836,703131,20954400,27919355,3612668,32857513,18273325,2022576943,0,2815872,13102469,15774997,8442741,4143275,7469920,3477066,10761200,24862174,4767299,6834033,14644169,28115716,38460006,34540,14097064,12471620,12930653,15861594,17400896,23167232,6826226,3250431,14340168,4900367,8435973,21741693,7224500,4094591,5181109,4677570,36478104,5429135,119711931,2906501,130887323,255713165,8039235,11857909,2729473,3052176,3477408,14104408,107476015,6488269,3173470,300712253,461556,3320835,2270023,1323197,149889606,3834745,5985127,16342271,2865281,3643618,586780692,57996386,8129288,2938661,884023,4266456,3629924,48150457,3666716,229731738,9253178,36946424,19323390,3757038,1682166,1627945,2491024,7581780,1480103,844555,24194723,6531100,19953026,4571506,2282214,149502756,41382055,2707887,6100564,5114187,17088048,6318755,4522976,15820485,2532801,7108563,682216,8493347,4059231,1239906,7193590,44855722,3822160,35393003,11293699
30,Susceptible,40954483,30240853,159032986,66077021,758217,1056430,321431641,151397345,77305416,39117318,276535458,193363071,587689288,151832591,151522014,4354414,26965712,142564087,20352086,224556548,3577004,10032342,40592915,10660527,586190689,42979441,175609259,13254540,2689756,20150735,2291349,703579,71631249,634549401,65049351,126161530,44354948,6000810,23671259,6452059,9721254,69212892,27772377,16898323,36981334,17555885,4574571,326647462,33019011,158420832,23861529,45435346,10265536,13649341,3257224,28126321,281785389,272132426,70120006,5889354,72583763,10907527,84984841,6897486,5150836,18204411,5839457,121412691,19185911,195090540,30559907,3862256,11838822,1153912,3693588,159591207,2091577,21936653,1537373,2940721,73351722,88086495,11916298,238587,122909474,49623283,39384603,553207,7120558,200061774,9027735,27246626,16752216,45904027,3554830,328637139,280332240,29670483,83484135,402826,4808324,9086054,11549412,16138963,6639973,42290949,1157580786,7267775,46729971,20728325,481383,67940751,19009048,9646969,112449,142233557,4847948,174906363,15189576,11925194,16435360,9836346,9523579,4412386,22515294,278694,79636520,69310975,77056005,39936012,149695155,80439759,62515139,20336967,1184026,1743729,33677501,62379458,12714315,41666870,2712125,52385378,24157709,4142701,212686706,52058700,0,8200806,55388801,26204850,2983269,32668912,2160748,12999404,401781923,18271715,31738269,564749,5091608,103619760,16463737,419555637,9169507,185160,113579836,2770077,7573623,99831266,84928362,38644826,3310843,165636,5174358,11767620,10352810,1060237,106311379,3675994,16085686,7514253,17176424,86050869,3136258,249793,10082329,52577640,895477397,4398451,729840668,2669080,19723244,1312797,28802882,12741812,8529898,26216191,28987525,798993543,21449,5539712,33352671,14496120,31087254,3900220,19157067,777832,21972208,72582859,3168393,6658467,34770144,40152775,15522243,0,21727168,46521488,20412007,42229876,43894898,39714373,6033714,3200251,24113112,4606899,4129906,24549166,3029217,1149148,4367165,3982660,15481456,775878,134289196,3360904,205648456,86617075,5786690,4048559,1653638,1870160,1396698,7174442,8751639,4455002,1809732,178637516,343725,3880269,5752278,1967410,29948616,1943778,7717810,4995205,5103240,7655610,399705534,60359362,5144390,1569419,2258623,3081175,2514734,24271196,3236002,169582861,220172,45281524,17443735,2454915,1232127,1411529,1013267,3177361,428855,76094,3935007,7088576,1861983,2237446,1957002,137010760,52440803,1017301,3431853,1344701,309834,2249780,3287167,6339328,1011263,29943803,309078,6352329,3883751,468534,11056917,1933319,6225258,6190421,6572927
46,Susceptible,112368006,31387459,102157602,39274463,932925,1462739,541182376,12001535,86211323,41512597,158525755,80839924,169923746,122604527,265202297,4611600,36219758,130814678,20367325,213334044,3661955,2235521,47304415,15902058,21147899,61858767,125180508,21721287,28911706,55611604,7725887,734088,93228096,640807315,38925372,98516753,24780624,6282435,13534647,7101956,6135160,63232495,63873041,18364871,27659205,28054034,16989773,427090004,37748494,37967610,12816937,7987096,24744064,7161810,22185972,14930435,80459470,156583914,9751410,7770879,18581132,6270575,120394394,3665784,4840833,31051055,7182891,147696603,22996558,75652180,15765330,435800,11149738,1217942,13506192,48962437,1626119,36577905,15732551,1369603,21986609,16087886,20591853,984191,32671099,67554076,41133147,518248,6660930,195699725,10143156,49205807,19735370,48709103,3952287,304017815,147724720,24437240,22334709,1436376,7286188,16447363,14284933,2688087,428040,39383555,1122427840,26120702,11104583,24022746,555325,4821389,2302257,10381066,361605,67742111,774111,219563972,1252070,10356756,8723953,3188562,5189244,4455017,8796042,1920568,93944418,113400683,46744812,67345895,91654737,30379520,60048284,23749370,2518592,3479164,5948193,75008185,13336829,13189744,3043758,23719079,54330706,4900139,62557679,50124636,0,12067557,50220309,16750923,2977157,23321484,1936032,12801482,49381502,8831860,6793473,571008,4605882,130135697,14811638,135449424,2653753,7863082,15618926,2061163,2544829,29873535,69156285,43382037,2015076,139259,4646605,10591571,18900432,4829320,8112776,12603497,22817854,8630419,16066486,77770001,19515821,180486,6896174,33615641,822552945,21905549,410858032,2674228,13501450,2857572,15461079,23792871,6639811,23087364,6810456,2677453331,0,558241,12421233,16444420,21085506,4109626,6077506,6292586,30786195,64961071,3302044,1521344,48424021,20617296,959029,0,5323620,18824342,2790881,4720000,13069674,16928127,7619290,2600858,14525775,4165711,24892976,38315306,10767065,7370441,5918367,4416978,6097839,276922,310717567,4608858,146138119,298624361,10047450,2697881,1318548,3222195,3593090,4881755,14964593,1258877,2574457,229706544,795977,2317186,1903475,1828295,42990058,2752583,1433718,12708021,1375772,1713674,538310519,26627513,7695509,3072015,38454,790217,1721025,18498703,3164609,305637879,1420765,13391454,39155184,3193659,1997816,2130637,17367827,14793459,140466,2645940,9392365,10651588,654897,466168,3109014,109648851,52612024,2887752,3212187,7284842,20001393,7413916,2117103,17726157,2952426,4458663,219851,8979212,3954096,5675347,6561022,412675,3430491,2630180,9202321
48,Susceptible,30294634,122162412,184908281,14177435,780053,2577372,485248917,46339537,80108054,35715947,485422983,12875141,458857060,60263321,250919122,4959954,22051780,126909294,18031893,218865796,3709645,2476394,87369292,15111294,156494790,45983838,146617351,11107038,12154004,5507718,3083470,668568,52909501,629123191,82244979,84955082,59847272,5679893,11968476,58241851,6770000,48580105,70403605,16556315,28269891,17096703,15654804,364151156,42705266,259184443,6847806,79455638,4058691,6025155,41574900,29446300,91832985,211375035,22138085,7766867,20351390,5591735,94843822,1664953,5435788,25883187,3313243,49128965,20311838,209833656,17930724,325903,3983598,1314736,27991501,23300494,1925589,114269100,2310359,2549718,45855612,21189768,8634729,1375351,143600120,39075280,40782091,230142,6438034,197196078,8974752,31109356,17952801,75170547,3412628,460086777,443248174,2231027,46940763,2561736,2753048,14674927,10083545,14460328,292509,61458293,1150471845,9200729,5250936,22219849,548741,25969982,23111603,22107973,292978,217207104,5485189,262499263,20840220,7996853,18778889,2556331,10984051,1491026,22396829,608045,416912769,120944172,36376516,41964592,115477679,35678247,56662798,5967362,727244,12968694,15876379,83932554,17846649,18411664,9859916,43000427,22306848,5104483,254936681,75577316,0,22962613,38861390,7205141,2964891,45183085,2052681,11032976,285764966,16091312,34350417,350686,4608843,129355649,16630214,99511869,7618595,2526433,84370201,2748865,2758983,272534220,53546072,31739326,20463754,302862,4055261,8180603,16552499,3822009,149906510,64893411,22649228,6440312,15977262,78944266,4449099,224355,5939746,11566179,785958759,4636210,1457610046,9279606,19999847,13373,27927727,31488613,15350572,24515817,37877314,1358336024,212237,3049855,17529291,16018110,17561297,3821707,4928555,3387934,15113301,32087914,3584397,6412145,11748129,13255386,3712089,0,19341005,72939514,15785860,2265677,39845516,20678336,792501,1403800,9374430,3441730,4261640,6641759,5561586,1479310,3726900,1435927,21515439,186793,54738329,1887469,81397010,61953688,4416489,242401,654424,1553622,1781081,15117343,165450185,5520159,403876,79386352,446091,491479,485584,1147426,153921561,1199199,494068,65702056,2316912,313203,226912813,20064081,2624853,1947965,111627,3255536,709934,20712693,1176159,98298009,4766611,6657192,9340860,1188870,414870,3218073,22393346,11000083,2709598,1726349,16239806,5764903,1325420,1627067,893373,95461030,25123380,7663978,2705320,2771603,13284402,1330345,3665337,17552799,352003,12689942,1302919,4402216,1454846,1163999,17871162,39328856,1673581,43137920,4528498
50,Susceptible,107653915,36810948,82856551,5459301,537881,1875698,49171112,156152033,99546013,42585896,236045439,1288229,296152027,135978251,161206823,4774916,19018876,130108300,19782527,232160329,3738263,1907926,50390619,35845179,135567004,34039379,148311540,1761793,23474499,27925174,2705338,647388,70243999,637597118,46475220,55182386,41256392,5915065,2954284,58152320,5159404,33276130,43779547,18861594,32058044,21866185,3664763,265815365,32280779,36885413,5672565,54298128,4370604,8211873,21234602,14820353,47490156,224280346,13285617,7653155,140932555,5058420,124073613,4771353,5400006,30646851,8027909,44906565,28949722,177084670,45868650,228741,10963672,1295114,5347086,134423731,1738935,119597609,10072555,2169501,45254922,71084384,16325342,1541045,138895531,114334361,42199521,196429,6938896,199431663,8650314,3643701,18490794,11822643,4734602,465709216,167107833,11824362,100536032,3707784,13363032,8672388,11297142,13031772,1608009,52477268,1234611299,7340941,10854485,20203319,637530,3377267,2338179,9661917,187738,186404488,5442761,214886207,15429369,6500797,16067715,5727522,9677401,2021590,14753116,1087522,165311879,239361543,40967254,25771573,83635886,93041578,32458704,24551434,879991,1892142,13855509,100274780,19921892,22104008,1709253,24803772,27065512,4864309,44756694,47754304,0,30331646,44871522,21734939,3000103,1778350,1064924,8399399,150887491,14337691,21717905,140603,3936794,16210172,10665205,104114416,7922269,15544044,44825973,2477571,2664404,104007710,59758491,48397843,30215401,269216,3820610,6238255,11583589,3842219,20684780,24367581,26778616,13177853,15158665,8200862,25165215,154153,5615646,20888897,592726244,5774118,867773907,5905236,20770358,333676,48846528,18210288,12646279,24849577,35633462,1431993808,2,3095455,19998855,15615684,1801145,3983646,7130932,11902167,9502234,75352142,3391769,11731971,35523078,29096015,3987066,1,44299335,96133102,17685103,26424801,37818385,33024975,7509401,2345787,13074758,6463332,21596822,24318841,16969944,5337454,6250501,2873357,13167308,127789,286040966,3933726,308127596,121475811,6489780,959158,880046,2736495,2378667,15037662,53766855,7584668,691268,232010490,751232,1038328,412788,2966002,164163443,2933461,531781,133216031,2094755,1667287,529129678,49901169,8069647,2103141,98011,4303035,959947,32427856,2127480,244195347,5421226,9034194,43302255,2778591,1502756,5015734,160989939,14228762,2125603,6838016,22772873,12881726,31131542,2484486,461260,155752718,84613344,10891374,6193730,3119713,17275360,2849918,20555856,14423977,484497,11021693,2591389,8005426,3526616,3870403,32960099,6122294,4691829,65636695,9917276
58,Susceptible,131074936,28765963,116975419,94138591,333328,1959175,60303411,137410276,87134322,49998877,38066957,30136079,208219581,60648127,156500804,4186751,10894810,128684736,20190234,212003652,3696893,2470465,51268640,13734183,123906855,34660085,108748745,29464902,21442024,4480649,2286212,9953717,129929970,639369722,32326058,79623600,39977057,5546072,12346377,96113122,7180265,34479568,80251940,16202533,26865483,15657124,8789093,247936818,31674841,22681379,5388844,49180751,30088151,998707,16800715,16869551,32265755,164635746,22390991,7844639,128955290,6061106,137043888,430107,5703057,27546115,10332069,59530253,33097601,156649815,46293529,1581823,12261857,912348,16278380,14154380,1829073,135682885,15527373,992377,77163227,49974177,6995462,61203,34453151,51134970,38124121,287723,6954668,196305499,8354228,37725176,18832943,7193667,5897379,392800863,125620006,20035445,98877631,4876243,7800236,8327155,12282698,12866622,984169,31537180,1121605553,17144122,9253391,32041564,696050,29792503,1041878,8884014,316194,179907398,5427047,171805232,8630646,6425268,13745714,5037751,10177254,857742,44878300,1070116,323158497,227021750,37010929,32483571,75811300,72128136,29292564,56869082,1142543,23826094,1712415,57851588,78163272,32054511,4358104,32015464,43946130,5499278,56521714,104224726,0,11666374,42087827,12547553,3116115,4568573,2330896,15641028,173852818,24351369,46417826,171030,4865612,204071137,9492407,92749415,6046386,17575104,50136587,4031791,3576066,117972544,24580474,33979134,13980371,212852,4333634,5896657,12762810,4004663,19038989,32938485,4830736,21877073,14733195,63866652,9027769,126088,7497535,54719698,523844955,6090736,927972909,3394499,17437415,60580,33637900,10381705,10641083,35490407,25756485,1123563786,6450,3187658,21954513,16739992,33543740,3478944,6012438,5913176,11537571,9358157,5496347,6953575,33424048,3432864,3006826,3,42095350,20175128,7627725,28503047,44457150,7858733,6777985,2183030,42011250,3309825,17467099,27497758,12866868,1406130,4344073,2527525,10070502,2264278,300525172,3549078,258258720,119994507,6786002,291655,736053,2122781,2224639,13970781,18038388,5695812,1107195,128325077,620809,1033756,281198,1311988,146457259,4543099,367876,171056055,2336773,3310097,333775870,44007227,6364653,2232618,136075,4553790,1053657,28739201,1739309,191678391,3098445,6871273,39219018,2386327,848591,4743666,215977647,20033562,1515102,3988554,19909869,16658611,27777753,2657575,82164,79210259,77226884,9510643,5317522,2552731,9494330,2618843,15288348,14815710,620650,9566663,176094,7647428,3058401,2499363,36509962,2116140,3745326,27870492,9070396
60,Susceptible,40483210,125597780,126095218,26688123,10202020,10148553,536200277,50419391,99715142,38813885,178274912,8566482,640219009,246445082,186524569,3673114,11627647,119931757,19966061,212002280,3542578,11122635,54012380,5717175,71737875,36956207,161976159,7645319,7508753,23629017,2034551,6856479,69561023,624444525,72865745,184655144,33639127,6083278,29124276,40110711,10434877,48327715,128703714,16489998,44319762,3499387,110926060,270969021,27836405,227637048,7593319,29520855,8143201,9804489,37174379,23725541,117743307,314889708,24002842,6166599,27674094,11548930,82979847,5028657,5248899,15444917,4467062,27638547,25934894,415971237,45226434,2597899,11645700,1877617,6177286,35519381,1772550,118760299,43861596,9220979,28429952,110348843,15298974,833147,17238478,160098427,39619282,726872,7594272,192701141,8918639,39199402,16661035,223854100,3332603,520387958,402974953,37266876,37188668,1890768,6743808,8432885,27559319,10224881,2221625,29708945,1103458990,12711019,41640413,13512306,706892,39188511,22770342,7748215,71121,50449385,2595407,16859132,41012990,7468815,35236606,4658818,10957876,1956037,20740926,731517,93772387,110310239,49787405,26021707,192564988,72813196,55426259,39152683,1771247,13949424,21058846,89629930,20409264,803705,1769262,72953647,24144955,4917489,204885337,51251946,0,17475694,48262562,10609378,3077314,9484847,3330041,13052042,225657046,37193920,64261241,147656,4952710,134716259,14729265,161673676,4933114,7573783,64580238,3516021,3829014,53495341,24191371,76816733,13177136,190307,4215961,7812949,28411698,1438033,29590043,25056386,29629248,14893620,13716114,105292007,21501710,110764,6051455,22535945,1414626836,5316051,2562039462,18200525,28436842,919036,54881877,82955050,14031486,2857767,4451287,1874908496,37163,3342189,19249504,14378293,7121032,3520408,7745855,4189402,18273514,50442518,6047781,9691246,28390208,3427586,6643724,0,154720182,11049534,15414331,24920317,32968247,19739621,7465427,2314706,8699421,2602799,5385968,8903915,4788487,766353,3200960,1579693,24394424,251933,64486261,1572341,47714290,95349428,3365289,85558,364997,1461725,2836116,14242949,138782224,5946082,473790,69608074,335687,709862,747016,1204399,142507476,870994,584547,33985688,5078888,1930298,226241727,18905004,3673421,1642461,233860,1319348,584887,27692202,1490345,116279309,10553316,10875970,10541706,1164218,693563,1559400,52760736,25037030,2755768,1668026,20386632,5901145,564913,1319560,249159,78371518,19174358,2293499,2527893,4510241,15444169,2059879,2612128,28462962,275347,5266051,2363783,3666836,2870938,666578,11276433,40057686,1542174,34351778,4406352
70,Susceptible,41799630,41433670,75765747,37490971,1013679,2680698,742282747,32680733,97377977,69065839,635286196,9506879,506875583,34113354,166246766,4406360,23976731,122070269,20940073,203146011,3591873,1350971,53786839,8719941,312015048,38742953,161757555,15448732,50815395,2406274,2093066,8119042,60421421,650996511,84144798,83949531,48691269,5722167,7759235,39615979,54003130,28009275,24761351,16239208,22536010,18915358,27700887,406059185,30643500,284229942,5804658,48411690,7528699,13884412,11133903,20438945,371438535,189341456,3469365,7598620,84948390,5767211,159433426,1732313,5367783,22804701,4580369,44166803,30292983,162279097,111560483,793652,3279754,1404885,15687760,8231550,1824426,109500039,1301487,1206467,108390028,13466587,14258069,395292,76551449,53709884,39077565,801918,6246797,195812063,9136604,34582376,17358055,99243112,3843080,323794095,397757540,10408440,89953028,9644806,8429018,1053340,1737501,5699798,1790663,52724104,1070712585,1890766,4934042,27016577,400356,47259212,29635851,5713066,68638,165918447,2882623,147332593,41347131,4480886,15067249,3946229,5036616,740278,17997693,873295,249369478,145228599,39379103,23996978,150512462,211897239,132785004,23774407,1534157,34141524,1862847,6831455,28915643,41826000,4238205,56840957,17953872,6464268,12019159,76365503,1,10442706,45148888,1851760,3184602,1628007,1291615,11603302,531478998,3105247,32048824,236976,5314870,128494866,13319136,213109721,3993723,13431648,151252870,4991858,4001739,221758567,62774665,45019894,44742834,192622,7834521,5231137,20992603,2380236,203167248,107309192,20050101,17014546,17511461,74952906,38781508,224795,864454,15512407,948369121,4704271,1376626299,9764735,15000438,187639,28477527,2547736,24128886,4879061,68064663,609098424,16576,6614035,29834043,14084012,4662247,3752137,3879218,4526558,16277194,14909556,4782257,7465214,9301832,22099057,3038808,0,40969206,41697955,17596148,39119777,72604124,26173887,3682286,1839415,43619551,2558768,2797151,8720107,2940006,521267,3325202,1886617,49177010,97396,39354546,1350092,42222168,185474114,3720134,314680,443135,1828943,2689563,19090783,122610455,8987381,380204,29097014,341730,545263,592864,1153577,187813093,1057156,429900,78085073,6379195,858506,110175473,27019405,4111102,2375242,108626,4406323,1454968,10069779,1120006,118263969,4230390,3814032,6227890,1143108,872333,2398487,41058941,7495477,2125313,1074447,23519335,7019696,2083131,1605402,63944,68128818,10220017,3216682,1996368,3802851,40379301,3781224,2523354,50805326,373274,7122032,407843,3715183,205075,2145868,14723673,46931418,1635577,28783570,4105959
75,Susceptible,114536799,52186367,37222944,14198950,896007,3111599,476585382,63008878,94876467,38201603,652159650,14105414,208138045,78046518,217517743,4710322,12289450,127443490,15181032,203959819,3621327,2553999,57257440,1489023,101118802,5975818,180883259,9249535,2038236,21792565,2326051,7497021,48649004,628850999,45040131,108399533,25066278,6020591,28002213,48297351,9722008,31217997,96100513,15205722,33112947,36821014,7275749,184733992,31810620,169721553,11360901,35830330,4082090,3954333,24784219,17300789,98209580,307151898,27138617,8781914,217546428,6386247,52091863,570125,4900115,25442547,4864170,99882978,33394366,289150559,110532484,503459,15784048,1791485,14207798,80273601,1909054,187409334,12222070,3632289,95172884,19540141,12548224,46247,110123497,39870399,36982704,681253,9090041,191269574,9105645,36336405,18647849,18468365,11640248,187535747,158114636,30403702,30736767,4873823,731093,19000558,5525379,9494107,380731,64995178,1038618804,15392333,41815213,10540213,305615,124116305,9360670,25720488,118729,101118461,7838495,107782924,10958885,4798223,24092751,4655556,11394027,1025271,10209981,311187,91672722,164746476,12845580,40709860,162417415,207023385,45133773,4509026,1446827,17063440,8867877,99935703,23074532,7611900,11009551,59475315,19023290,9864199,33802895,31499015,1,13357671,45456800,8841798,3172865,10442821,1926995,12651907,190797315,51921327,23111523,623444,5483189,132535600,14614085,274268817,3997992,9169790,54074692,4041341,4199310,54684034,29924989,50984837,6108620,78732,4780895,5028770,10403284,1910778,15434217,21486326,4429183,2667063,15329267,72482335,21645440,145874,9361454,20820378,1113824045,5361480,425058579,3818665,31515453,364196,28034963,8494000,6183857,33252317,34442897,1032372594,3847,3893767,13079404,13004169,9599078,3886046,7130620,7900234,16646745,13911638,7302852,8008177,7228734,21265818,22298059,1,27717291,33375634,14036029,20254985,12669401,23536528,7987324,1887252,16421216,4253139,3561785,27283787,5578496,870102,5521562,3447422,54745336,426093,130602600,3001528,144160238,172037221,7515658,855540,984641,3275233,2784520,20350923,159549830,4010876,1060655,77523220,996588,669896,685056,2809529,200191759,1561122,407821,170977888,5402153,3590378,304960009,69372533,8180492,1385723,404578,1972450,1208331,50104584,996153,238713093,14678183,15019515,28124722,2340511,1658315,2640895,289349844,8603843,1587622,3303664,20562442,13082144,3482497,3471947,291303,57377653,59028201,4829807,5175499,2993383,25605542,3874335,5508211,33781538,570788,10089374,1848563,8137645,2981837,2011880,48277262,36220506,3683592,38674817,8370516
76,Susceptible,100909448,72300341,71278388,42394550,2173103,3933572,476828408,21804178,97898857,38167623,639040806,10954692,252239954,72868274,117994636,5039125,58856303,105813775,19793767,202131855,3666766,2250042,55951311,11834506,37342522,42246729,183252259,1076502,32553478,3027792,1058716,6237174,63919609,659072521,28619749,103997378,26117772,6258627,4471135,32527147,9222370,28678755,91970706,15591675,35381016,20823316,8232367,213394054,12150582,172410101,13593339,30348694,3151578,1048623,39930803,14728881,78178242,364795557,73867843,9214912,125357416,7075927,83838258,3565980,4964055,28333611,4694457,89582052,36938087,270970771,96539371,404510,15777360,2088428,10765350,51981275,1760529,159990123,8603205,8109279,52605887,32288463,16319758,1530334,43311221,59736856,37530956,596478,7968892,196310424,8814835,33579848,18079175,26533972,8326844,275904619,189031353,8799562,48605161,1875344,15659115,11849085,21460483,5608713,1200921,32311709,1037190552,9249365,43656090,63054169,439922,46545628,6706117,8038486,43100,50821539,5934521,188358886,8107498,5103474,23578599,5020039,6996803,2333703,19279314,882959,80836718,104980956,111254006,30248981,226763531,155864355,28502060,13529228,1714556,20339305,13995996,81189860,19737302,21566134,5343515,71031386,42626386,12434687,185642544,26980638,1,12706191,45573178,17324253,3161712,19449316,1339300,11825288,123478942,19378101,23142963,425392,5608710,172675604,14874869,284852816,2343818,8111575,34594556,2424750,3602118,17625357,12082573,52277932,18913614,120372,4471639,5032364,20084170,1816388,97781981,104540580,26161387,8328379,16787765,76317178,18886757,99835,5399649,1359421,1628054295,5766119,854981768,6142730,29878450,1323982,19382461,10837274,11529314,7868469,38427040,2157794143,3525,4366912,9915891,13400474,10652863,3769303,7128675,5162201,20573420,32420733,10017843,12729658,14407373,4656055,2797298,0,115186081,33175142,16331180,20745606,9901212,17858537,4883308,2682668,13194739,3944997,5933309,31330398,5434127,1182222,4195557,3301977,28085277,1152113,176432889,2246250,119262488,169867859,6656391,889523,862247,3205558,1984404,13365925,108265406,4325974,1160096,134536407,590417,690621,910576,2312608,129482404,2055440,388941,60941358,3564560,408224,400676890,23868169,7442410,1752234,249689,723161,1131195,40586469,1074029,196052577,14132700,10630697,32495580,1916845,1431098,2174939,131234308,13011329,1146488,2951045,18770127,10985219,2650290,228658,340726,109817223,47996094,1182319,3607572,2823847,18734921,3876401,5729606,23682418,819566,6721566,1688444,11759273,2417631,1458545,15748239,14525455,2660500,29492028,6150586
80,Susceptible,115673225,27157081,72608896,17178786,484229,7755598,462650344,60907279,98716548,29588263,323773130,6869656,260004495,144622521,137917271,4823787,15852587,126321559,18158921,217053173,3761666,2029587,57826721,14296232,64805217,33614704,179411526,11480414,77835926,17386998,3996324,552027,51281319,682890865,10265948,119330183,107324407,6678030,25015677,46969083,9572151,27056798,138531743,17483774,11560997,10567687,2340742,169862729,28851343,74507602,13950593,68582188,4936173,1318132,33234591,19271626,141622694,331446468,62483437,9496239,183836173,8080981,131775968,492869,5210501,10725291,8836282,17707739,34739491,362199946,97607917,2338183,14912623,1198900,7928144,95161992,1902295,176148256,2813336,1917347,124120828,80103354,12481944,1146175,73432632,58232741,38984916,727985,6379048,201393090,7246206,18705907,18226960,12721426,3994574,578272652,47362443,9590615,70202394,2230683,5769077,12630132,31107060,1106156,1588131,24447687,1110865786,18354134,8116250,30174737,233955,24097569,7979770,5570808,58113,165674581,5836209,149628822,16238294,4032418,31222361,565193,11023509,1357251,17641358,1265228,216087149,158564927,29477717,77673987,100298910,203386482,34504585,24342631,1778997,36169505,14569193,42860620,20111682,3798367,7796124,47952413,55475481,6726462,241559576,36748539,2358336,15239377,48778999,10933032,3482281,11250676,746154,5541357,295350465,57267605,2999199,600344,5554604,155733590,10527775,248301725,4851436,32099115,83757024,967079,3886414,94379390,46765251,41420370,37984142,205343,4652494,5031330,15150180,3661384,141702294,17759951,27178401,12405485,16257512,90997994,16067787,63137,5308010,12928587,757834583,19770909,751985292,4198354,47660533,1793773,18765167,29552878,4502827,3974522,22051577,712248351,3455945,4956870,28221138,14253815,19546850,4040467,3961158,4645021,2140571,107021574,4576486,6854867,34073109,94633664,10106156,0,11758138,5759271,16090547,23241791,37927753,24028298,13853161,2273802,49951090,2414595,12564092,13417957,7501685,2203040,2743728,2818825,17683102,1301176,93480103,1842503,110196162,164276478,5059353,11957829,594618,2867948,1867155,11370299,31204138,2894604,671186,35448870,441173,773697,1081009,1688339,117687427,1225920,651090,134676188,1605188,1423070,132146936,32451811,5067587,1274983,547712,568973,811969,18326556,766962,32908420,7693897,14348734,21434348,1466346,754615,6819468,112498067,4932814,1259952,1201381,16088502,6752921,8461252,1446187,214726,58703534,42741088,3827061,2966995,1565199,20989698,3835494,5555112,9385673,861791,5813917,5470412,5029501,1874123,3172302,30260222,798102,1960060,20748791,4975461
81,Susceptible,119218279,38833679,76587357,53693691,3588153,2826555,393459882,5897176,94164080,36106369,33814347,5934527,178892545,119805923,151109515,4804090,25525468,131070332,19578330,209001388,4206267,2475266,94082139,10259233,47684382,11333320,246550244,5231565,40664736,22558640,3161372,1839315,77668863,685306888,25029638,109838144,27454285,6281774,18406793,11400421,11346474,29342367,89300020,16262945,29625824,24882063,6184331,157510688,27051793,55256058,12008198,69132833,3728800,10530140,20786367,10095108,45522120,373163657,29362932,8642726,140527837,7903575,66049128,5541145,4851627,53280648,6236221,91307166,34786395,232409209,44359884,394166,16592293,1713849,6702927,70754104,1755172,111630199,1326460,2746358,45120991,59049325,23276255,1018190,21321396,182168951,38767970,714847,7412465,197834267,7123660,31749907,18560170,23599882,8237374,493431439,118385129,21436704,79664663,2688255,7802108,18051014,15479752,1634592,295665,50371623,1082887832,51911099,62842873,21791959,307565,27709612,1725822,12172881,175910,112767124,12790829,140230237,13604298,4584555,19792664,3068485,10542300,3408443,16081653,1236328,220984872,204558766,16007339,35686311,145164585,50080615,76136001,36359448,2181257,15416371,15790632,90588829,37438197,34995184,4356870,47273478,24161190,8329614,179180546,41113688,4503742,14044319,47761392,21096425,3384587,2085513,5272209,14452781,105234633,19132503,2809087,196743,5786609,163817313,14771980,272879930,6865285,7471140,29248720,4117682,3453406,11539298,123380299,23093642,141108493,122989,5044564,5653640,13730143,3434875,101229146,30792060,17450867,24206276,17866426,83206269,21194228,128834,3732945,3228562,1026602968,3930796,538370884,4774433,26608402,773367,27245127,15045655,13353714,2998554,7089616,2018347754,3443,2009308,11930084,17039388,15060927,3513491,8501740,7285536,17446164,85568329,3104610,6743877,33873859,4602959,1772422,0,69427171,9286486,16359773,5507698,20074684,29907594,981254,2504982,15448417,4833827,17768834,42978615,12079075,2310395,4740704,4187855,17386679,89931,252806628,2369949,169196198,231601863,8229990,1335000,957189,3964679,3006321,13298380,14251709,5527831,1549675,189789180,739855,1128990,529139,3237260,138220649,1702077,579056,58856427,2865549,3036818,494507390,41804007,8356663,1451214,204612,939369,1354859,38857528,1429807,200541030,4330908,15234309,32058818,2601081,1669185,2620184,153315718,7343398,118762,7527849,12523076,10548932,23092431,1444999,556900,122210882,63660210,5177020,7733642,1470419,14339898,5249797,11802364,18886037,1160400,7744564,691008,8049280,3258034,2423498,14749285,1236251,2197020,3390092,8574107
84,Susceptible,126922118,31925763,78950450,33149140,921060,3754152,392514816,72148796,98048848,46694535,123703140,8938030,130378509,204833742,147361960,5176396,17190993,128177081,18906411,214005943,3360321,2503111,56642194,10594199,97076501,75539856,193985071,12666144,36589679,24791363,2067124,6419656,55042952,642101931,39616276,49496681,25892081,5628783,9086720,41749643,9427219,22540132,74472494,16191410,33367830,26679292,7495171,216165661,28453846,34959570,16325062,34102794,7179856,4535072,18958740,12723123,138775190,440357731,15654156,8909654,101328886,6498588,56394084,1833892,4836745,2214760,6598121,112872473,35018350,250815398,87883540,612430,17982350,1467711,8370599,30143758,2272449,173620175,5772569,2659791,73524920,24329533,16623774,1011393,8061732,53657629,38238263,762210,8903991,190818398,8970006,32062686,18610308,19485070,14936590,531119265,219889857,22395009,62129274,2114879,5859900,20102942,17517083,18019062,3504101,22502122,1070230283,10316921,3598872,48870567,368698,3532723,2424625,10703372,49338,138750245,6456021,148878542,13392057,4477184,21959841,4764148,5777444,2329753,33907182,1027380,155492230,235796128,6422187,38072526,139278971,181457195,85180420,45081135,1679532,6577422,2046148,48207028,39852236,6627872,4192818,49088267,22788564,9410864,184079098,15121453,0,13772796,45502053,12697590,3138263,8934689,6001704,19888535,140815872,12647905,7866862,419483,5670080,163992394,14297255,162011312,5606331,17967602,39396460,5915723,4288106,35480971,48176520,38752832,36324624,135170,4844696,5063574,5224484,2773244,86036132,32186217,23828368,22693266,19075143,91605407,21267867,152285,4492296,38922708,1028714986,4646634,1634784880,3018328,26363604,1630006,30932732,21912837,6196402,23333028,15291975,1567743645,2426,6201887,17220391,14005916,16013496,3794319,8871969,7281421,20457837,42712473,4514944,15957208,48661558,24080787,5016173,2201,32239790,102441410,15675200,42483557,21003233,35156539,7819771,2522793,21216100,5548335,25113575,26216414,15144922,3243411,4129035,8226750,17872743,53926,314113208,3171302,180277985,214440565,8440980,657701,1093342,4989229,2526184,16633114,15580990,5672514,1400574,184404317,820302,3207929,34288537,1920830,159481925,2743940,6403629,130934614,2748217,5782379,469857536,81393647,8469281,2108645,367372,1129031,1348813,39516471,1867053,238179854,5451092,99979310,43500151,2841939,1129842,3121029,187049360,8908201,135483,6031753,12024180,9737562,10130900,2760446,2350530,134558321,58799532,6455728,5851528,1657974,39141951,4918770,11301876,14689664,2007976,8232739,487212,9414514,3322289,1970345,22724866,3335355,3669193,2852575,9582083
90,Susceptible,42011343,50365640,189323562,58876822,848215,26961528,299643482,68917679,94932679,46682848,182204930,6736035,260708768,112141016,148142177,4379303,40626170,129466874,19672238,201106853,3757472,18817599,54396038,18110400,62165330,36572573,158686071,9905395,3518680,25968719,1357634,5628482,50585243,655231927,19263441,82699795,46716780,5947808,11658274,44746465,11293465,25796310,115806597,16011536,80963855,5341142,19172612,204691165,29392183,77900698,8743475,32680665,15571406,2815944,22363534,16117904,141560426,414634614,2060362,10430405,87930363,8033327,79746658,9809430,5147841,17050606,8295242,84085228,34842513,384198610,40369192,2389276,8885543,1464808,12263360,57499286,1982681,214609269,1180937,2907418,123596946,61492556,22126475,1657717,2830365,50918471,38418083,756581,6546205,194156779,10159904,41536719,17186166,17177242,4371707,465289540,34737834,9140450,87031385,2067675,7604851,12711107,15180150,1883435,634854,31005735,1057207820,49874794,6526179,38061376,238806,47927779,4044870,8485848,171426,197425103,3635476,130725549,10865106,5328125,37572391,6086639,11956221,789652,15008172,478658,183359382,181043231,22859232,84137396,92224370,56381540,55183699,27530969,1756716,32878628,12614168,55445760,11536569,4090457,6291366,46672803,13019178,5412729,127557015,59728949,4725570,18141947,53977501,27610416,3496466,1113828,2950256,14984657,315438469,3460712,20143776,186800,4434108,162493845,1192088,177926261,5341955,11646442,90735530,574328,2585204,52586963,109510322,37814598,3026948,578157,4641049,4782593,13098269,3234730,51273919,25777982,31409866,13098844,19031427,81538005,14042784,65369,5628724,49796070,739861932,7238645,338789726,4625404,100444845,4598756,25321284,23166456,1938279,23636898,24823848,1214474123,130940,3942380,28717475,13638492,36265139,3793017,8119905,3628778,29603017,55193353,6060923,9029077,49791587,29396951,7053464,0,24407888,53189485,7872512,16778174,41217819,17346967,4864804,2777761,20593807,3898146,29611244,26633613,16983239,2589553,7184879,6029375,81190956,409408,256844297,4025052,283470470,339917484,9387927,212588,1228811,4038689,4534559,25782897,18268903,6976143,1973488,103514190,804980,3711671,6331816,1850456,254290577,2875645,2507976,193990425,3687930,6514133,285165015,42773188,9910423,2103080,1804930,944150,1637587,32326429,1165717,360121004,15414545,50649879,38875999,3437202,1378820,5749669,229878430,19025528,324962,3318428,25657284,14790096,15500172,3622904,639242,55166515,106962391,12214684,6439022,3678751,42004829,7354473,14620534,18849967,1150867,6930966,5630106,9999831,3423332,3436521,60357068,4752126,4599853,10767414,10556132
8,Resistant,100648463,39778828,82911867,36993850,1133183,1957667,104458096,75176747,88199730,58822086,113017009,17376133,70177226,189506311,189901705,6698296,39169646,301649031,14292824,241337084,3431769,2423757,67779785,12312654,25705115,47909612,129003417,1382096,9326505,37665091,2786160,1002505,31970509,714581026,38229252,65262157,4722502,6363484,1486475,44021325,8486671,31425072,46642498,19831508,29759092,24609120,4456604,149737187,5745938,28438542,9608553,5068461,9595726,9001884,36370637,20225819,3377540,174406346,39179412,10647035,157682084,9781578,100282082,6007134,5312872,31622387,4742039,76937063,17871823,171921519,27623677,0,1697476,2222441,38384097,130896007,1857284,25198562,22225181,51528,3147743,53148253,18993285,3650231,27265224,77969341,42692944,106027,9462311,207630493,11389196,44986801,19580545,90149004,12428635,213519147,170795649,38080227,118204295,2695344,957333,8741126,24373237,1025821,431386,59762793,1212482965,12960113,78007756,32979293,1134815,23954726,2716427,8146844,520195,113331725,5567809,210050779,36261443,11336592,15088757,6485242,10428515,4986932,19364284,250418,3008577,1328007,68389644,50377286,166553034,45941336,29701228,37188866,572941,19495417,12355266,42624091,20842822,23990713,3270574,22091374,20660607,3030824,58390287,184602222,6424450,16340647,71481790,20481195,2812999,15621362,1521204,11954940,22675583,17259840,3005218,541143,5455638,167147084,14513541,287220273,1928995,7834191,6801089,2777674,13679105,7282366,4554733,4667337,12255262,3412284,3805263,13528248,13856652,2235262,107941123,133682670,80146353,8865373,17241016,86926528,17039919,305543,1425278,53206526,1392483650,4757051,1966313741,213655,32535243,115409,21618157,24914259,705133,31290388,70288264,964552993,663933,3621509,5891561,11332862,55226843,6213785,7293867,3061,54540534,18478859,6009347,11539700,7866517,24448228,170957,52450,21327946,5817251,25831845,4390748,6131337,28732032,7233348,3772320,7396343,8352934,27495537,19195195,18837071,6350237,16392281,2418251,25097733,19792931,330361270,1549100,443029428,48681037,8510875,23886989,1997801,1886511,2599891,17143756,24087638,9074249,458632,454538631,847826,1463320,3384180,3526325,164556156,8808554,4645579,21659495,919647,11328885,834322656,89452701,6638396,3231177,1229674,6233752,1400954,62521888,1862667,487513276,7430984,41708858,39687173,5011644,1143270,1649351,917791,2399365,205796,1161935,31203903,11196767,67921858,2367846,4270270,257429581,97643899,4279580,9989548,7231657,13161290,1125859,16100245,21150448,612559,15659592,466859,12872262,11288780,6396976,6668933,4272385,6820954,2782150,17120928
10,Resistant,105593728,68252433,80556999,79784053,1249734,9188499,415664831,214965071,80366595,38945164,539721706,18037701,90421352,155739521,168498901,6627774,35726927,115394630,17920694,224612708,4699975,6814961,67988386,16097659,21602856,65931414,116736263,1485559,88193070,20596007,1804060,6242687,47923907,738327184,39546485,89124943,3644354,6892127,19980454,50780008,10038239,64264475,20321744,18417490,57801836,2914058,32389542,108348104,24791010,12599492,11450063,4325308,9431389,23164407,26071160,12757839,6938935,235452143,43364106,11033958,240098274,9014119,139445784,5058849,6045528,32313771,5488045,115345402,20216289,255262533,35596222,1,1180851,1841684,4479711,25455754,2045093,15741142,26347927,1102092,25151071,26826632,16693585,4299765,44075720,111605122,39247835,326129,6803190,215796642,11032339,36001157,19229671,94136282,7880875,269739988,162948684,17103925,52443229,2561869,11214762,7680637,9669386,3570594,1532072,31962999,1131408445,8320502,72320659,41140266,2218434,57826959,10841736,10674940,442097,78859829,6250520,262370145,14704330,9236739,23382961,3975568,8662436,4392638,4733309,5847,54535021,1369575,69133261,50679390,103918390,64385214,45283725,26073785,1002995,1603883,5186111,46788054,15524376,22982532,2454026,26206450,24789383,3081828,29285565,67210610,3097050,14266672,69443737,11121840,2831043,20520948,4893265,12210615,49048676,27937416,34511609,254179,5574255,134724833,15098593,321767349,4560837,192146,13404085,252797,32390653,2738068,37998490,2583175,14222642,108879,3743123,12308905,13687821,130708,10373257,19045960,28400035,3375688,15800275,77307970,29802636,344203,6765506,51362558,1002509988,4437327,826065608,381898,63547628,374964,24085758,21983175,214616,26505266,34031880,1267169051,211307,3243061,7719489,13578092,37285932,4156299,8028200,0,13183791,12762940,5668904,852978,11410657,40256341,90544,3821,28017435,22801109,14123474,43964261,11112833,27162607,5358505,3694287,7962370,7252475,18382459,17591876,12622072,2979484,8536588,4963350,20007053,1169804,272119631,2406361,343569921,234882481,9917010,1020769,3179218,3555837,3149222,14251342,82184225,6694720,2298586,399031871,868305,3161643,2188280,3857969,146786155,3728129,11218381,26763730,708857,5875507,772649047,51412511,3758119,3645512,254540,775266,4513350,35485643,4258954,355893662,7194878,29005512,51033783,4964583,2473832,4007839,17130061,4707970,1320065,4557362,18371008,10919194,25830770,6198289,708430,156298628,104444767,4465261,9845334,4119578,11337181,7441462,6367763,23533531,1797073,8765161,12789449,13263903,6805911,3165956,8250294,19473403,6344959,15436704,16522069
12,Resistant,45164091,53246949,76734864,16200767,1938940,7173851,275068669,194253491,79673064,59493790,378593956,26796678,152870367,16329842,147500030,5668818,29443308,74290820,20787103,234127049,4236696,3863427,57694351,26903043,89863173,41006393,89225886,30941859,65555347,14642676,4432739,6500968,51405233,736099088,34958633,120537556,10426250,6666249,12872601,24919573,9426491,67920849,48741724,18921456,48423981,38821651,19001516,172273861,68396298,42365851,15524239,29979525,10120425,5321943,21084932,25797921,14447237,256830738,37702320,10691593,116277884,10490969,41967539,1939860,5421480,34678298,10082143,66155164,18771341,339791899,39634089,2,1150301,2057344,7936221,21673850,2020759,73857742,31416565,1866572,27075298,122259732,25368214,1299632,74481986,104413571,41813281,307469,8765196,217994689,11776254,37280857,18985505,118412711,8615400,404784677,226343130,26358504,81814681,2904500,8472881,6268803,17121977,5221388,1001818,5842862,1182847969,39822720,51379026,37757410,1256816,79845920,16006390,1886020,439327,107162894,5444890,130051420,7344712,11118445,28554541,8499304,9070856,4275294,2027513,51920,213268250,4364667,52303295,78764668,138587226,81419104,72657822,3917477,823298,7360088,25092373,48088477,19086613,14477296,4752501,40624881,38762938,5435753,156568488,49504187,0,20227770,61656165,32354069,2636336,8155294,7549007,12672103,75782516,2678522,13805291,1040398,5283096,278624669,1134353,299350975,2923588,7872717,20840132,3820911,11135899,33722549,7619274,93779368,2188069,1606198,3029935,13156460,11767218,4529656,158259778,2715026,34300023,9638427,13146239,192753995,21882662,153355,7989324,5123351,1619935246,11629802,96017547,1357223,53871363,659732,11603461,25086746,734726,31463792,40507738,1400565025,42413327,3707416,11517385,13284420,45441899,4806108,8868794,5029,24827026,19759479,3086870,9742363,11090829,29507991,447704,83013,109976818,24055469,26784896,2636016,12442317,27540744,5566720,3320190,24750254,7294174,10745555,34461115,4699768,8730523,7796386,5495267,16657635,11031863,209633066,4103355,274862311,364399240,12824270,41874036,4796301,3530654,4370491,7164145,10420200,3862287,16342797,2222348,683935,7783339,4551612,3076830,31874795,3639631,6351616,5014222,1527300,5519619,711588755,90328149,4971101,2914207,1418862,5804669,2507383,43600186,5823577,404541022,524398,49112029,29173581,5293381,2030785,1148047,48400,3951107,216028,8810,9309589,15435081,3195920,9557424,12672865,197188469,62088126,2635186,6026770,4119120,1933760,8717335,9865100,17310171,1106096,19247366,405543,14025173,11777298,2040836,8130692,3741862,6326416,1561517,15056511
13,Resistant,6142651,34580759,37555398,51637679,1994624,2820734,74293370,98080701,86493212,48221268,132689012,35663752,105793501,122709829,144704027,5181076,32830725,134856413,20403612,230237805,4385537,3315858,52569522,4351611,14983992,49079360,101916903,21937033,31563176,33232972,1436804,1153209,10474361,730452984,29930255,156973704,6688591,6789832,28652231,5956562,11127424,107524306,42443450,19041744,41089789,27788801,4321218,90905472,27083745,44659823,41523119,110577905,8044109,8922926,18590022,12515853,6277620,208792545,2998084,12971276,29772054,12495078,122048209,1644811,4931629,19125699,12451841,120543500,21851798,193785629,36037428,1,8206489,2269548,1748903,28045258,1817393,9220241,27656753,499714,18014338,33297158,19622754,787855,77491521,77317253,44409196,309884,8529830,221223300,10963394,1773084,20808630,81937299,6838719,240213072,155769817,12859887,192100029,3186311,4914087,7331525,9423545,8579936,1909719,36198353,1193929555,7527190,80901526,32694461,1310989,57971919,7523500,18419041,321631,97521478,10616561,261214328,1916302,13545705,17157128,1339929,10035878,5066054,14793848,18053,6748088,1255333,90309851,72447205,213065378,77213384,99746247,24373957,711264,9426895,12157220,48309763,19625753,27869551,4071255,33104678,93145782,6521894,15105280,46901876,0,32206546,67778823,32547174,2686517,23858791,3471928,11972526,28350612,33411014,18580345,273439,5485872,226296407,15740140,322527862,6969489,7655342,8233453,2630064,20186964,6154119,14205902,28596479,1679900,2883199,1519790,18617787,8804044,1067015,20893135,5914336,24581617,9731310,13197140,4228129,27687277,180381,4595186,2353580,1816681339,3732356,75838857,132941,46566639,158334,3937441,2437313,1546535,29953310,5682145,942555869,827669,1399053,6949391,13308400,72988589,4671273,6219783,0,22180243,13537043,6183111,10516691,9652144,28737352,427257,16849,29568743,8011684,21419564,19904813,7095704,17307152,5743081,3625327,20935394,6566809,23845889,25948546,13766316,4633807,7512872,8399613,23148978,318017,344097629,4186482,376572181,273954498,11321288,2374716,3447757,4618024,2861696,14783206,38284806,1866078,5887357,344577376,728583,6674251,4377830,3163589,123251305,3998617,4194781,22040404,2229707,343378,714253777,111464816,3371115,4336037,1592981,6108351,2038999,52125406,5787502,366573491,3952276,93540940,51210038,5359508,1799098,3735161,520391,8042709,189227,273037,14218229,10901799,19782097,9440272,1528578,142232433,67464827,4130010,9818681,4989488,8160787,7167689,12679335,23551037,1711410,16796086,239343,14515793,12390289,2238586,9242677,8345132,7536146,2185259,15573095
15,Resistant,120681100,80630283,79386018,53351087,1976505,9243243,339429020,164325307,81647162,42078642,173851840,30151512,101455733,126841724,234991013,6193796,42343984,133440134,19835177,231817689,4153749,7067225,65979006,15884155,68592588,41324438,148947624,4424581,41148475,42677107,1880799,1020445,49170748,737741424,31443549,9546908,5496137,6809804,14235509,62193161,9712496,71784541,22576938,19101983,65826698,5133854,19235756,115237327,4784919,16251992,14769276,10347866,6114255,12304868,27714443,16097809,9247891,244107106,78349534,10296052,20280574,7725195,80337703,1244010,5611297,28314302,4361693,30463066,20082053,294050296,31538180,42795,5632691,1816211,10250641,31590706,2045327,58691734,25600906,1884685,31450469,19471586,20013094,4069163,2373491,115758249,42144851,312258,9438041,216886671,10246093,18233249,19432958,68596455,6355184,265640779,136923025,16431678,91776055,2885487,7542614,8985354,13709717,4013726,1526331,28578818,1192541705,22706791,53463613,35651399,6708445,72370442,13821950,7267266,391635,77444272,8826078,254384391,8238570,10544441,26661069,5973572,9628835,4650701,2505566,0,60063494,2515211,52995876,50132889,130451038,63272383,160560272,31014194,492437,2392637,7255755,53612094,17531941,28742793,3141543,31626071,23482052,4780343,11378857,46093627,6623210,19804978,74245698,27795679,3149825,13409779,3317255,12619549,65490635,37066969,11160257,496423,5578561,17743107,15839429,358021749,2703993,227882,17600229,3593908,13475569,2802201,59392369,38383834,17538428,2630626,4452308,14881367,14566253,668774,211102648,2707040,35779015,1094233,14558263,8571997,4693219,203158,4821734,20650779,1297495750,3359199,467637437,869392,69605058,676115,2258736,24465106,445859,26461794,12547691,1664088164,221433,3650556,9064992,12409999,10980690,4259128,20882670,1,23926039,18527117,5760979,9913747,12650185,36132200,497701,4382,5627312,61801496,15388123,2517972,12138135,21654232,1398390,4082718,7416492,6541155,13444349,24452339,9203474,6709916,17170966,3014485,23464585,17958439,317416695,2965896,433237929,60817655,9764231,34145892,2197226,2313131,3309891,13160264,20941693,1081697,904821,471557129,925146,1943566,1693433,1284184,82353503,3957464,3910925,11933544,1726888,751974,919031660,85922839,3539280,3822312,1575254,6910995,1672114,51624595,2687910,387144024,2259219,54373231,42434179,5850400,1326546,1492591,151640,1464207,198281,145020,14326076,9938678,729662,8555516,377006,178373699,115024589,4001376,10299876,3936649,3833875,1561890,8991623,21868740,502287,33272659,654989,12833410,11554830,3288610,10715239,5572368,6831247,1270007,16986078
16,Resistant,113312395,38963895,81602487,40566577,2234007,3024818,499011748,180477769,75338335,40880133,516598488,180010975,117124933,125885923,166931503,6044402,33941065,275074153,18970460,227576293,4620416,2331499,109966460,10138091,17537475,41971190,267235499,19350315,23760947,18439667,1997314,6002458,6508033,678631241,39687977,86602413,5990084,6500354,10638644,45418151,9396102,87273520,26588546,18254725,29691017,29535274,11748729,111770088,25946798,15655121,28485467,20669085,7720481,5775934,51763509,14974234,6579928,169715101,4317766,10191955,79502756,7116610,71232923,2794184,5157714,32067408,5319439,82055669,21707204,200400785,38353999,10628,3125256,2215999,8973412,73950524,2284868,24720887,6592508,694297,24324698,15528504,40231630,3120402,2073909,85009349,41151155,333082,8929209,205441364,10788929,40554307,19368671,91422949,10688359,267328353,168004282,35394709,89630012,2656493,5906716,14669604,11505787,6937627,1156396,31169898,1162264400,9204832,85390768,75873997,348287,15521214,8766816,10135543,510664,83156174,6462622,176615148,8325446,13210178,17385109,5449976,9136312,3750060,14040881,21790,35829298,1682807,24383267,68223210,204362718,67764868,84508380,25100775,772406,1144074,16266093,68953949,14932699,28624067,2985430,34292926,18195189,3483355,157714532,53174100,4443556,14917261,71596370,16758319,2701187,12370782,4859859,12519966,46719517,30701213,18029744,512964,4681467,138445733,15113118,262599706,3700657,7526146,12865663,123418,28494789,2932580,61926699,76886204,53400920,2538106,5143030,16897392,10435853,1387586,136547189,28325798,33610707,10945988,15247152,106013220,15749501,245343,5547425,38634895,1778377026,3118091,369169332,328784,29529098,209129,10395831,21442071,762120,26278033,37444254,1248743211,247582,3385175,7086884,10933942,36995982,3906337,6146011,0,23757616,13630444,3625172,7317043,10298437,155230617,107495,7777,172965864,21625628,14021436,26028920,9849927,14046869,5715333,3879579,21966610,3475314,18820751,62555080,9691607,11713447,20345419,8995556,22766985,29978880,294702045,4954897,374380620,415362310,15060447,81192658,4327452,4756543,7760687,10026011,11924251,1191625,4624049,649419825,2302931,7676094,3851373,3959992,64529857,5289908,11432496,7974382,1831335,1868480,1199488561,174869854,4756145,5534577,1648427,8889538,2687336,122811814,4982692,540944152,2728880,113733849,33411138,9054587,2258546,1978408,2,6508656,190607,57274,14391255,24575616,7078675,9345455,2617625,69754254,101697308,3659437,13061563,3790777,3100588,9833251,9007098,24731450,2021495,12464008,107932,17802898,16936073,2975164,10011857,2287924,8892072,1536531,20833846
21,Resistant,110275533,50113541,89810018,43648445,2236252,5697751,447162883,209918739,75160221,40702880,294092475,146229377,95406520,181715511,170307346,5620684,29943340,160145015,19900567,229947649,3499934,9010191,46534345,9981393,16723302,48540305,101212773,16545248,10927681,32890726,3452947,791893,44893220,631568807,29195474,127337018,18253664,5734933,16297428,63334812,9546930,85540796,39704297,16832694,78788824,3201154,52853768,288237142,4973919,6695159,115266746,26989203,12267636,9874043,48941815,29443210,5426796,300265773,39953362,9099636,21852334,8129777,89975606,2713862,5596036,28882425,3192493,20055117,18835306,271924969,32651857,3372,13136916,2356458,966675,27528607,1624617,5455389,32080288,667096,17773086,23113452,9845049,818076,29030352,9881814,39827449,425869,8834126,195609402,7035315,4015186,19668032,35541074,6031003,227799105,141824473,1759533,54805023,7320414,6313694,11868596,8179731,11864195,4382324,39801255,1156707302,26117054,153213430,20857120,431579,72098983,9714686,11510634,190088,62754214,5104786,146273993,6516349,12425539,23368131,4170000,9805746,4689984,20581435,2653,16696086,1311622,78060396,73234560,211985253,61123506,81190507,27774866,1112211,1423329,19541447,82017103,16920879,2891020,2900384,36268182,12427780,1863537,48637703,48977831,1,18549821,66832497,9206387,2642665,2646649,1560334,13785341,25655667,20840133,24279625,2031851,5077781,24979311,14854016,294544206,4212295,9610585,7493056,4674466,10741026,13052604,7993789,39512220,16177836,164373,1350722,16996053,12872742,1030022,74688668,140930758,4360439,11432648,14164093,132555768,11936415,161835,6526137,11169112,1716156347,6185123,170295366,286438,73575365,190532,19895005,58517659,951355,23337251,20596150,926434710,1475458,3257103,5855362,16584181,26472680,3487544,7665154,1830,25389474,17517216,7079883,13369922,9825392,23761720,126942,14004,25124309,38756276,25150317,31219687,5132179,42592297,4984680,3647373,15922322,6854405,2823360,18174319,3743632,7594512,3671522,4376088,19480395,17809396,128552996,2085152,147767753,105616764,7528077,75735905,1788654,2404354,1837441,9675148,28989066,897380,1414480,244985447,562062,4204927,2713912,1471118,65339521,4539575,9200040,6775966,2987663,5283164,555854527,55108127,2957999,1141024,944661,4756262,1273732,55743607,3187313,180331825,2798174,53215482,17210338,3900339,1178616,1753052,80148,6507844,988545,14202,25295805,21560687,10790579,1683958,626909,203705988,47753653,2818867,7248579,2782433,5294386,2594604,16177927,12132861,1171638,19421622,111417,8910444,9751069,1943667,7529113,7132137,5274784,3724838,11486947
22,Resistant,60741694,27298310,35787782,30235517,1701564,9145188,270750137,6944955,74734857,45374165,88112617,29297853,234470793,175483488,187218668,4287138,33774860,128602990,20346961,227994354,3735401,6550113,50774752,1060936,75822922,45768611,92088862,8952729,43259177,27410718,930142,728720,34827295,638820990,33321733,150452121,10345927,6080024,34073965,68316279,8148990,79362636,40299198,17602100,64671739,117679406,5857855,96458778,19838342,32527230,12891644,103349378,9483492,3506265,8887243,18559534,19552222,239741616,31224021,9643154,51292316,6820582,114623909,374043,5202058,25321277,9602610,53953882,15581149,367894374,27297159,64327,7329524,1676840,7516449,25033642,1944488,47886830,32158959,3166188,25786660,70947522,21122289,1986308,12614366,50079794,38581142,323044,9466068,200193445,9470779,19577662,18314175,42565985,7363665,338824811,181821994,1124435,106695448,1861867,10330815,6660421,13011294,11964627,1759235,48458398,1165317987,9842361,49622350,21103004,1349134,10585737,19579746,16341434,279822,73469772,7050575,114069057,13049454,12495360,30111018,4769465,9915154,3928032,20299109,10988,137494597,2818547,32416444,75260002,200346744,58110258,240022702,23292991,766604,23032960,32348254,47617473,20275643,16757962,3238535,33229847,20052754,3797826,58611550,48239382,2,20896233,62135770,8608930,2780736,9120125,1475094,13229818,69473067,18911970,14177947,537359,5305865,187915830,15699154,254111943,6521585,7616595,18815074,17775546,7575789,22901803,46544300,38165468,21423684,104266,1294898,16426679,5132783,2188170,151458198,9045916,14739441,19917927,13623590,9710765,19610390,161300,5817897,38913850,1601258584,5052684,1035003746,1159368,66576243,1350238,25873754,30111606,1071103,24455231,3789245,1350677443,9592842,3468613,11516279,16783516,20049691,4352775,12948103,0,12348397,56373943,6743634,7986068,16832317,27064227,364818,45183,19823782,52271561,27727420,18948134,10531862,20028605,480862,3217855,9563721,6201409,9848655,24760854,7399881,1216896,17762417,2706314,128287683,793668,100729942,2771780,208501422,63974773,9244368,853161,2101134,1971454,2559691,26325126,266477457,10625253,645636,367052433,947007,1280362,1677977,3228519,260584971,4931167,4217877,59130519,835769,377831,792032761,79797436,4863171,2375378,352971,623823,1553493,38250261,1600362,395666529,47398448,54047026,19443590,5218676,1333724,3420888,780365,8099378,3395725,943644,28482767,12787733,540461,9039460,473847,156467300,62023648,1632082,5643870,2670823,18891220,1728098,6428274,63127767,595216,5787787,15535454,15083507,5307583,3104690,11830749,123418683,4900150,28101510,1529890
26,Resistant,43708191,49426764,36899998,65085708,1638179,11402829,522747098,70445360,75333888,28367310,174601453,12921203,303688809,244843821,101641416,4770880,32841947,131714042,20248760,229128702,3589115,8805430,40961018,6748082,125800992,32447143,106865927,13480626,4397536,50893488,1246652,697819,7382442,626839090,28254890,188525246,10606918,6002152,21492208,60986437,9980345,101804829,63781790,16629826,79827646,33790584,14009940,119950030,28871121,35556305,11264713,8293373,29942152,6709016,23308276,23545675,13722074,271343358,22397318,7154868,152181915,8123319,130227349,2418079,5327845,41614043,3351251,21738744,18795389,456129070,33568770,542490,26742652,2164375,8133134,23835566,2162785,100457028,11513213,1735034,29255214,33454137,13667306,461679,77052616,41646099,42967896,668002,8369557,198226934,5326304,10456943,18676678,54015101,8486780,423169239,148393617,1205548,89500100,2878348,6050620,14622012,5804603,12737617,1375676,38114190,1190991954,10631776,72733134,49790082,443234,15562135,20074633,23951723,418084,105068655,562237,37450174,1906728,12579819,37492273,4669949,9874112,3301216,15303595,566643,139561358,3160387,28115851,130688169,190919390,79544305,48388298,4062263,1311883,24703685,15864281,32970289,24129934,2860532,3939400,36195405,33052976,4718518,35026319,36979103,0,15766556,65357929,11516338,2653787,20156753,2163508,14719288,68639472,17892410,3970047,610790,5140924,127297885,15091571,247971526,8521729,8215732,18456329,1252327,8432150,33993508,98832034,51332147,11467316,109964,3665848,17986483,13361427,3163279,136430713,80374578,3463746,14990271,13986535,13051493,13175987,222831,10646266,42865012,1583568951,18021021,58929147,741833,78571613,704239,38231419,7728148,1911258,27081822,28865492,1344020154,62570869,302987,12456304,17555938,8408600,4763731,5374517,0,22569152,20706942,5575228,6555119,17529050,56211229,1066959,143662,19519751,31960888,24478795,25141554,10606286,24121412,5155748,3677563,17892136,5870993,11817921,8824503,9581556,5784556,4900348,1893543,8574551,40268644,202581103,2141935,244827321,38833919,4787558,12800895,1058450,1222914,1366256,5921368,2978057,5557756,515496,228077262,927732,2138847,2930512,921423,38816098,2436129,11239005,11323601,3496438,9563703,465508633,8426272,3400044,1322850,2275804,3370855,886510,34928050,2194250,199658130,288912,64783072,24639506,2652520,826451,969412,1534616,901714,209060,60512,5439765,4613067,2530787,2873577,366316,171626778,45597665,4502152,4913365,1014112,1448700,836782,2859248,10732790,416255,4351274,882158,6126729,8692017,414435,16153376,646405,2940103,5552740,8147074
29,Resistant,200625592,46200440,90302206,50653940,2203261,22256267,304061005,131325870,78878728,68499497,25951105,1411342,234811726,118901661,146821297,4254076,32343548,134784286,19237520,219778193,3473621,6183362,39363719,10781123,145877677,59987487,136606492,9914477,52454062,42191841,1015269,828593,49919784,613017486,44347787,184488248,10447886,5473052,26581391,10602708,7616195,103520505,53507980,16750444,42059502,5566360,13143390,116857699,40860120,38223832,6432481,43662542,7499330,1012115,47186136,18277072,20566993,276346887,59585022,7805429,15416656,9785234,94102887,9555758,5427973,32104925,5564098,92952640,18888259,390043395,33804722,259713,1302992,1626647,13779536,35697021,2217396,6076685,36527490,3044747,40850534,92172523,25317023,663931,57281270,103651454,40470574,1234434,8669783,192306831,10640039,1506119,17987759,144614345,6500460,358233206,187958414,43415081,77210668,2267193,8696766,7708286,14595694,9275936,981030,29664302,1157864867,11534331,46979051,15030681,635756,15939996,55683200,7395840,394758,147664736,4893472,166452812,17197305,13963916,36803309,7351448,10005404,1407631,2773525,0,316128043,5531120,31434502,107124424,184557079,89374882,93171558,22232238,101220,36831720,15887437,108251712,15682592,21977356,4017889,42352331,26886545,5521596,72187387,140171794,0,12527700,64453382,22592411,3153999,11131577,918192,12441852,115448537,21799391,6203702,570407,5023017,141079744,8379738,257523851,4521099,8114858,31385895,1477500,11317561,25503027,4394848,19483345,24122133,173167,3118604,16654061,16326750,689606,73393392,33983549,29317076,11102473,14329896,72604883,6633268,199647,6003720,18332268,1646754145,4917331,529183574,595408,57585683,1729036,21410874,14328243,180214,2727578,26611301,1155177492,6821970,3399303,19170398,15249605,12826685,3710911,7503359,0,77327912,46598415,4517938,6598794,28486098,27971272,1916306,265588,145331138,69907534,17488397,16433720,27121162,13178690,4881620,3475908,53138447,5486241,9042577,7263235,6294192,2276387,3370429,774704,24437074,53134,48468305,1255657,115579869,23766423,3913744,498269,604608,520569,1166008,20851319,115314379,7229376,285395,74622912,458674,364689,351020,1093479,203493617,1856259,1094763,54492068,5684161,334931,175270371,31918978,1244937,2211690,189539,585963,1533509,8598004,925474,155717898,10413596,15186048,13338746,1508068,362920,3027643,35532605,6099479,2826969,1204591,34536039,7257733,1773024,2023925,211489,170700205,17845388,2954554,2909362,4368146,44148694,540233,2220262,23646278,300039,9975175,6478302,4108245,2286461,623058,11383071,6277910,2092974,48448620,5268320
31,Resistant,106744812,46194404,64104384,54006622,8702802,5162504,395859191,167438641,79583393,38208231,221052793,7481648,106343980,96928052,200291543,4659528,30000055,94451525,19392573,226036292,3476384,6547580,38911556,11384491,53504385,52485446,50285451,1536859,14011057,20503086,1763440,692918,49876638,615260082,41128086,159109289,21591922,5565923,16553777,42398102,9534156,111662090,64665243,18741481,61022993,16710932,29768043,291268596,41092645,36496587,10013308,29084610,10623679,11387717,26723542,28205747,2002092,334383216,39560244,7554357,172488847,9401733,90320075,376580,5241155,28850130,3141525,122207949,21859920,268509801,28368539,78288,6257586,2322478,8494869,50190277,1984270,4800083,26745887,201621,3653602,20588079,26529984,341126,21641826,61899509,40184904,1286766,9790785,197885796,11083077,11588880,18355264,151983346,6627845,278213785,197760768,18131033,77562822,2522708,5629157,7938114,7125042,6919015,193737,17486380,1206909079,20609997,69223310,13484905,1169927,63003341,10350266,10051963,319394,136914613,4879888,442611747,34173443,14593448,23315801,4530339,10050419,2187512,4493752,32955,25588637,3562764,50111261,101197848,192398357,68506220,53162316,33328318,2444322,9799778,15388667,79398805,20283698,22293545,4967614,40673679,20422236,5682008,287181615,6893124,18,21475768,67626340,6813086,2932234,17902870,1175729,11985293,38840689,13690196,28916885,1513978,4785550,185349201,14685639,260547502,5257735,280534,10964156,4575335,24084010,15933121,45392224,2313883,66968553,155474,3303747,15957877,11798351,2893332,305221120,3717971,19097615,22846899,13783938,61806078,33793624,212966,5964932,63862041,1713897138,5170259,663809700,280835,53985427,646347,22228969,30227614,1071585,32147679,28715298,674981060,61197695,3215058,8086844,13709420,6938615,3672018,12509824,52948,19654529,16847557,9021331,7268411,11603827,34467046,840712,33933,105165374,61988238,36334044,13645426,7774128,19641377,8043648,3427379,8644778,4968810,8775000,8972781,7099329,1385063,2583934,914284,17607510,267411,116237066,1704630,194080750,23337548,3231906,191431,731505,640641,724491,9368954,40961965,1933125,417682,102181425,221841,727272,481173,1042483,77397131,1654476,684196,30089236,5007888,808018,228238969,20958058,3187152,2206208,1486111,1854798,547606,14124076,1550932,103433185,3660635,14869554,15696181,1344764,599947,2156110,479030,2091843,2497631,510409,19153990,7210686,6080198,699871,597108,152398730,34599499,4306582,2550252,5680318,8010221,552329,6192933,5091748,262091,12330309,832692,3758287,4419836,1734131,16650873,10038940,1717790,56770709,4310399
37,Resistant,52740607,49574794,64402258,56415779,2384291,4634716,349356616,14746288,83511689,35910010,16090964,7447138,230469169,129088377,21249391,4686425,25078806,134375457,20101769,223106522,3550690,2176964,46145729,12887643,71191444,44827979,95096952,7136674,3501014,22783244,1821434,784563,48655112,633285450,44331479,164708706,10356405,6231643,11358428,90005171,11236554,95568231,78800119,16664216,16446084,22408992,17867887,558380710,27348084,36671864,13594239,15392677,5245390,8724304,22168770,23055291,23269032,411109474,40114915,6656025,161786452,9046113,94772660,2179229,5261297,60512292,7343626,28111541,19817203,200124155,33309892,257536,11088582,2424257,14399685,119857400,2206593,145587190,55074385,1332642,47657187,35760831,19664879,500946,22607230,121388172,39863976,579681,9414422,201918610,9769469,39098502,18912666,138410108,5083038,401968645,227712952,16154913,108818835,2491063,12875648,21652057,11706495,5443164,1227530,32875258,1175876769,63355810,47396284,2540625,1313771,53212535,6466317,18161775,353103,118586178,5444680,205957408,23720432,13129320,18302625,9818513,9905039,599043,21142364,1226588,202328791,4210639,40734458,84946619,173404960,33539559,39223099,13546822,1210098,12514458,9285365,46770823,21986432,17295617,5907719,44445199,21743616,6890931,105701710,43327486,0,14364203,47339240,11932818,2979329,17231956,941363,12877375,88881624,27800066,22882153,821743,4632206,83518181,14968651,190227604,5114502,8353658,24366672,1160523,15029344,24118571,10703710,32249520,6078436,173044,4460773,14478038,7876026,4495779,141408576,3195650,20606652,13493229,11943074,53905311,35207138,157244,5835608,18840474,1549135159,10856042,1059514220,468253,25348090,707996,3960628,48077304,1158503,33998915,31564864,1016102517,5574140,2719858,14463725,27978123,26951714,3616053,5072903,0,5978450,44075691,4459454,5730816,23759561,7873689,102239,104206,92971384,44990085,19510956,37408908,14895297,13722197,7436065,2466302,11229401,6385959,9370949,6119309,8557203,6041396,2779948,1327588,13284175,3609097,152850325,2154777,157324611,68636801,3570088,11993595,518853,1136157,1535734,8944361,14336639,3380707,842845,116842359,450823,1962849,491675,1337780,64329609,1182520,1598768,17625810,6824037,218422,256586454,17061175,1770253,2278802,261929,2218915,565028,23480494,2726874,116609747,3043637,11272750,19658882,1425785,599695,1011405,696410,3772626,4686727,604510,21373811,4543466,3561283,562708,151242,200227765,57838352,3821004,2638881,4614956,4841285,1626726,13297767,7380210,589763,18397017,667813,4034432,4644123,3607454,17740011,2513209,1682824,38330566,11036948
40,Resistant,118065482,43970152,76459165,47056384,817201,6504408,368975798,144903182,81493961,42337370,67079798,10312953,175204330,112564896,20180106,4176661,37336430,142680535,20500521,227786100,3740435,378039,43117303,10755592,46253402,32396581,128875526,1333304,16066587,29004391,1410140,718858,45194752,628926993,51421974,48127797,6784669,5918392,25472526,23653557,6205193,60737204,81686730,17326355,14317405,116407501,3342583,43025998,30941022,41921466,6983010,18549865,9452864,11866621,4721757,5296499,20645026,229335209,49854519,7217805,86910193,6803066,123078257,497658,5383928,38931870,7049002,101347793,19085329,208820862,12078403,475127,8779786,1450106,16326058,77644826,2160156,146717259,16535990,1896872,39079462,30955245,10162980,54451,195370403,67351328,42608340,679986,4806711,192935774,10633692,46653876,18986732,32375803,8610264,422981729,257311697,33925242,11456734,2457051,7355376,8478277,2531188,5442854,192046,26337011,1164130166,21235469,9866036,17411114,277505,68383192,6074532,12053179,260637,113804988,5363999,181677574,8656414,9884914,18846839,4031410,10214138,2182988,7758518,423198,163695798,8027999,96936475,81180422,75699490,23679650,54796931,23826673,1629123,13992504,8174858,53537754,36752303,28537560,4860391,22686696,51641954,6780708,215739332,73558803,2,24530100,63952121,5489246,2907828,11140861,11119906,17079418,101073564,40988108,35623824,8302,5187218,94422317,23756436,106205707,5595166,23451870,27540119,3929440,11237404,4574589,12534332,42835422,4464816,3157436,3709370,11093896,13291404,6464541,161627004,22462474,25468853,9553671,15959160,53775263,18501430,232832,6805546,32629000,746297298,819977,146436590,676796,27811073,470914,44956140,15516827,1105830,33116280,45988916,1534416266,865614,3300623,18427880,16850080,23195469,3952196,4973871,6467,17957505,40655176,5009986,8692268,20481390,38295625,82453,496590,5028964,22790303,14480048,13936106,18161353,33240505,946090,3496352,27987331,6063891,15706509,17837077,11202197,11524029,6486486,6830645,12967338,4944544,230290004,5534700,177814199,243831053,11784471,39613003,1710619,5467630,2927872,11102491,26536198,746780,3639701,232105318,909722,7023511,1641887,2766874,85117312,3900615,4647647,19534864,1229491,6117941,587891450,68680075,4967343,2090679,664372,1061710,1922949,42620617,4512210,257385268,1375596,15238719,24465443,3690517,2159676,1073824,223983,4151340,129035,90353,9986296,9117298,5474501,1957400,3106764,176433763,59327681,5630900,8133190,5719123,2629150,6606826,13995689,13425242,3089827,5639725,443854,11007278,6902191,6685425,14027216,1040117,4599873,1523057,11860841
41,Resistant,127638334,28155459,37755244,59530154,1276819,3502576,350555953,127893308,81671885,44213640,167529095,19508193,168648292,103121603,95953143,4167730,33947366,122932967,39565500,222667299,3814146,2152214,48259071,10655345,27262027,53150580,132714737,1851297,62853207,29901705,4301633,836014,47504249,627416573,57123323,113731906,8986458,5679315,14905233,41520758,5354031,59538922,71108953,16395213,15995736,22868584,1200215,418217131,28474069,73582338,14576045,53232572,13202530,9528213,51426326,23271486,10810550,230721186,89574492,8294818,154405011,9000637,108944036,2186954,5243780,27939844,3809427,129251181,21806899,154559497,15094652,73838,10374846,1833406,12574890,118757062,1598060,60345278,36710471,1248623,24427134,68996939,10710949,1285116,27108555,89425839,39435503,454474,9619893,191974600,5682101,31095665,18974286,82527598,9220881,395184094,291977787,45545379,52040841,649074,10596269,7577088,13386622,11712796,1464419,58842509,1179176094,43860109,72500989,42517346,421241,67955616,8998012,10277136,158821,85313964,5516210,67908468,7420083,9571794,14819209,6122907,10051637,2662056,13417713,595747,40150170,9584089,84477148,64349906,91974927,23724594,38797909,9698403,1448274,31892265,20461717,63308017,59026942,4758067,3196302,22861112,77586073,6673515,241251245,39705991,0,12828779,48150973,7074563,2969672,12844860,2256359,13601140,83013207,2290958,17696943,1326980,4468880,131977075,14330869,117087883,6709268,7946337,23472313,1121545,15936227,6001479,65792512,44849822,3303758,104399,1933157,10254705,22221044,4659992,75222364,13440653,21012826,4745643,16414413,176998796,36165177,204315,6559925,21154619,1037872928,6153928,367069284,507657,23105330,425670,27021798,19472566,929512,22643924,13306982,1246346475,648170,2892594,10281236,16746472,35758774,4461516,8987638,20683,35077341,42176967,6032384,11004608,19034293,39484959,76843,26749,27598225,47396260,11354680,48043404,14545730,8059364,5989574,2577741,12812327,8010607,9900779,5065583,8336963,21417772,5440576,4874001,14708437,33880006,172298428,4890879,139000872,163781600,10134696,22655595,1705201,4069726,2000341,7969792,7687754,2015252,3448622,184187787,699669,6339819,935311,1827954,48900029,2743435,6064211,21095901,790461,2531348,512303232,26095823,1765082,2176976,369933,540523,1548367,35160704,3971755,178565297,126785,8523528,16999630,3049926,1889587,1116973,441589,460942,98885,159936,5229955,2467196,1826841,1896445,4882999,220771740,46136595,5495636,6269277,2635622,1876606,4133871,5999212,12602916,1701344,6986197,18168,9022237,5356203,2013818,17093650,789032,3813089,659920,9898966
42,Resistant,45146534,24200114,205326413,43759116,1461109,2257138,63544200,33097442,82818998,130454029,9500371,11556147,90387293,160020342,123071405,4448565,38751050,125440182,19858878,223082072,3816420,1564700,46190077,15729194,12448834,36239999,184102238,6733930,13232241,19857892,3374775,1117007,45219166,624086470,81486221,143536291,11221510,6183517,13248285,32890793,7577786,70940043,68270558,16046773,9060875,30417289,5168105,71638086,24243317,69222909,14329056,6444735,6514999,10126975,29754901,6622451,9069102,132736587,24245819,7852505,127182215,6370930,64188909,1613095,5067476,24638126,5587530,84057521,21442300,137171335,17412447,23440,34178086,1994041,18677230,111372954,1696800,104070063,60478649,155172,7269797,26785722,8727048,944530,63210777,65247808,38411197,1078501,7140016,198155281,8658997,17434240,19556079,59943074,4490143,334227942,356798377,27405336,12702429,6412434,6317692,7762280,17374201,5728118,156246,42361329,1143067112,17756522,66374369,28313952,1827916,22663409,6934307,22011618,95900,89310246,4787517,144381001,21178979,10336637,12863316,4010054,10243140,2400963,50587777,1627041,8581879,3080778,96265880,80695162,110529674,34557933,28768682,19692581,3588762,14662104,34719291,46187637,66769134,2971398,3023711,26990329,30586245,7947269,238826749,52653266,0,14682436,46182031,12275407,3028460,10632106,1494183,12669292,50429748,59727660,3184678,40486,4604925,137698454,13407050,160804518,6626771,10242203,15078005,4599938,21634026,4068959,182497270,21948275,30997933,3948628,1669809,11899381,13014825,3998283,113922865,13753093,23886819,11898125,14337311,52235907,23477503,166395,5292042,16089573,1104363622,4563739,367926213,134619,8564013,172356,16003119,19526713,145284,24369315,4560097,788465372,258875,5218099,10863227,20190704,39593378,3675660,8328867,17513,17158527,12081720,4187380,8753221,11643525,6278600,85533,479174,89175113,31829376,12125884,28205111,9769563,31938749,6213029,2255625,11207102,5979810,22609849,44676944,15029368,8796868,6016879,2109194,11831398,3662502,298753326,3744793,277803844,77111242,8418947,15247601,1044245,1524453,1857161,10466614,18500403,3067409,1411096,336074299,49051,2115338,362426,1387769,101431433,1942547,1433949,22060570,2264018,9069741,652141635,107186036,4203427,2284273,128344,3385635,1254581,32555888,2689127,250946814,2774243,12072013,42943852,2983350,1134924,1836720,10823463,22754955,81720,3284422,20925363,13089978,15331446,656073,276623,138547317,87263704,5684172,5708966,4807528,4272653,1776583,7647304,10161304,785495,5096750,309050,8402035,11509461,3369836,9138444,1111432,4003482,4435471,8719820
45,Resistant,112477668,43708072,56544959,87258461,2085384,8737005,365983283,115764351,82886750,39240262,155321919,2689731,511604545,141053153,137193942,4712541,29519030,80138815,20321370,225029352,3646220,1993994,51760568,9615578,76731709,46101102,117944286,15753709,5346394,28140112,1763518,975911,20462427,645065839,66048743,102458133,25588472,6038994,9297362,69983184,6100034,61320995,188565878,17108890,15505233,3600091,10742779,426129273,22762527,252386710,10594032,39492529,14575357,5161467,31676067,30615937,33752544,229592328,26294593,8003272,202191744,6879467,95890986,4035503,5338386,25719055,4385851,19795832,19839900,304834246,13796053,531283,10498990,5811529,2012481,69628101,1811649,104824077,6055250,3075989,26476540,55076405,8634663,1974280,49845196,84311803,39749285,115149,8021174,202451869,8726282,16496881,17039591,49655777,10049258,453539621,405881207,21628398,142683091,393556,7094481,25325384,8514582,17611367,788641,25408002,1155153634,14050809,47758343,16511466,708544,52448092,11297545,10940771,287391,266521243,5333977,176989573,22629708,9584644,27863029,3681318,9704136,2238250,15952797,3962055,407245048,37361523,45979139,122955189,131701663,29894888,57911632,27402294,725621,32546968,36502340,6039100,22882733,8797043,2430314,33210274,23889915,4412183,68897859,33278652,0,12213543,29324753,9828478,2813639,19464178,2412898,13220255,99249743,22231056,24371637,145452,4313115,13608630,15372025,86606118,8399973,7787362,30074340,5257479,46688354,143091156,9103635,34899615,4108327,2625762,3635075,11103229,2512366,8896757,49645613,34821812,25558208,17631297,14515889,18510224,6037224,203762,6064229,25194196,1504395164,6950590,113580813,2645202,26173918,240752,27311271,2925216,35998222,25706649,38847001,1167523173,265184570,3573347,16107273,16462969,23357124,3016892,10348890,889909,19359751,45495241,2511042,8177612,22127639,38399513,447505,74911,36889037,71080842,19972841,17068673,26352448,25244010,4582300,5515479,10280934,4656470,4709598,16870685,8180810,5346776,1803094,2310449,16136302,849026,58093186,3203452,92388113,99703165,4254027,10694133,607710,1971742,1166997,4954309,25051565,1580516,1406075,121714727,338563,2049156,630099,831209,42651894,1161129,4289139,11653072,6057416,3238348,268116923,26739321,2737508,2985631,81906,597823,715755,27331904,3833402,116317650,1387805,9240740,7249415,1322199,900269,977779,3413124,5809816,1014328,841194,13193736,4487608,1037350,219514,754488,135864420,36408761,3493982,2542922,3304615,5029607,2395801,4992386,6334944,1264410,3414563,1338423,3998430,2652717,1311800,8147585,5209389,1586793,32068854,4140334
55,Resistant,47055072,25887826,62986096,37888613,727290,2901533,270463694,49170084,94092972,38940209,439418401,12619710,338206998,176581469,135904315,4395503,19041577,217331169,29212116,229959122,3652028,1947322,47082200,14813839,87079134,37751348,124519533,1294041,38176470,30964047,4184411,685844,33779240,642630579,45639980,73878189,39515463,5743229,32160693,35678336,6393683,35562385,95540103,18534102,34535814,12300831,7911836,337562497,29400010,33835995,3547251,4913222,734477,9038352,22330624,20124056,35951342,268538943,24023872,8196589,160820940,5793210,72224072,3670217,5494971,24922563,7008866,59253240,30762555,211095828,38902947,1944600,7306561,1299470,8701183,71012538,1851007,164796164,1911910,890673,57790131,30674657,8426647,1328495,43663171,61342565,41957401,366324,6181263,195814713,8886675,55157935,17615684,10747924,870072,493959671,244200355,42582137,112680744,2551346,1607666,6868474,14968187,1502692,1133124,5560597,1233332939,14844404,5018854,15924614,307050,32476644,3786639,21457783,368231,205595754,1152347,40600473,3388924,6429936,18542382,4260048,9901557,1792009,13880809,1710059,374455121,74778545,39930881,47340758,107731257,91754953,75974573,41159046,1283740,13417569,6553760,11884198,13766707,47632127,2129725,24838304,59367169,4675877,246755694,39541359,0,20932670,43987280,21484479,3069063,11007990,2635973,14738424,193857384,23287035,40558958,417229,4703857,17740625,13488819,114879159,1984974,3899188,56237349,2389200,8255129,85396083,84930930,39606591,25402566,382199,3641571,6294394,20483554,5807340,82690577,17651302,19575076,17456034,16739342,42244551,20467556,217205,6171773,52830182,804073415,7727126,826683465,3691406,20059611,129648,33550024,19060287,7339642,23691166,3973127,1225349593,1183403,3118516,20270704,18301886,9152841,3877417,2145560,1517313,17853282,58615435,4598206,8248172,31408905,12306406,344896,36124,4506147,22038582,17901714,5323190,39431443,22343857,5750264,2368904,31014181,5277018,16767345,9588911,12515799,4128691,2810424,2148413,10881149,1418395,236539476,2753457,233407151,105411436,4785042,2504477,534994,1809320,2058568,14572921,17624148,3852840,873319,126446692,418946,1493899,383603,942162,135057578,1548767,723710,120538930,3964455,5986715,328003582,23283338,4690453,2096191,359102,3180826,768575,22196568,1907554,152658067,1631661,8752927,30155899,1800501,884593,3203714,24457928,28708923,1255600,1336948,16858610,8555954,23058028,2034376,71511,138870468,65634971,8215401,4103203,3900020,8032592,2278596,17457216,16554994,300291,28610598,135345,5620971,8165452,557667,27807455,806094,2620865,30043431,6530410
